{"cameraMode":{"drawMode":0,"name":"Shaded","section":"Shading Mode"},"sceneLighting":true,"audioPlay":false,"sceneViewState":{"showFog":true,"showMaterialUpdate":false,"showSkybox":true,"showFlares":true,"showImageEffects":true,"showParticleSystems":true},"in2DMode":false,"pivot":{"x":-0.5447134971618652,"y":0.23354578018188477,"z":0.5098986625671387},"rotation":{"x":-0.06622853875160217,"y":0.9015887975692749,"z":-0.14902421832084657,"w":-0.4006788730621338},"size":8.379436492919922,"orthographic":false}